www.bia.homeoffice.gov.uk/sitecontent/documents/policyandlaw/countryspecificasylumpolicyogns/albania-ogn?view=Binary,0,0
fairtrials.org/campaigns/eu-defence-rights/justice-in-europe/,1,1
twitter.com/HillCooperLaw/status/836521115770028032,0,0
www.hillarycooperlaw.co.uk/twitter-feed/,1,1
uk.sageone.com/2017/04/26/22602newcastlestartup/,0,0
uk.sageone.com/blog/,0,1
www.outlineproductions.co.uk/press/sunday-times-ten-things-about-race-that-are-true-but-we-cant-say/,0,0
www.outlineproductions.co.uk/sitemap/,0,1
www.pearsonrowe.co.uk,1,1
twitter.com/Working_Title/status/855443751300456448,0,0
www.workingtitlefilms.com/,0,0
www.grovesmedialaw.co.uk,1,1
excellolaw.co.uk/international-offices/,1,1
www.hspc.co.uk,0,0
www.murchisonlaw.co.uk,1,1
anj.co.in/project/accenture/,1,1
www.boeing.com/,0,0
www.luciad.com,0,0
www.worldatmcongress.org/,0,0
www.atca.org,1,1
secure3.hilton.com/en_US/hi/reservation/book.htm?ctyhocn=DSASHHX&choose_dates&groupCode=SLS,0,0
www.sheffieldlawsociety.co.uk/events/hotel-accommodation-for-the-140th-yorkshire-law-banquet/,1,1
helpdesk.unitedthemes.com/index.php/Tagged/194-mobile/?s=a28fd46776f8d6f86466c13850e729182c489e31,0,1
www.nestjuvenile.com/retailers/,0,1
helpdesk.unitedthemes.com/index.php/Tagged/20-showcase/?s=a28fd46776f8d6f86466c13850e729182c489e31,0,1
twitter.com/resfoundation,0,0
www.livingwage.org.uk/,0,0
www.gerardmaye.co.uk/about-us/working-for-us/,1,1
crunchwear.com/interaxon/,0,0
crunchwear.com/wearable-tech-companies/,0,0
feedproxy.google.com/~r/crunchwear/~3/f31KZfRMi9I/,0,1
www.svbg.co.uk/index.php/tag/search-engine-marketing/,0,1
tractusdesign.uk/portfolios/lawrences-furniture-centre/,0,0
tractusdesign.uk/portfolio/,0,0
www.tractusservices.co.uk,0,0
www.rogerstaxshop.co.uk,1,1
www.swissmanda.com/tag/medium/page/5/,1,1
www.sharratts.com/careers.php,1,1
plus.google.com/+AllensCharteredAccountantsStockport/about,0,0
www.allensaccountants.com,1,1
www.walesonline.co.uk/business/farming/quattro-bull-arrives-help-save-13124479#comments-section,0,1
crunchwear.com/e-textiles-symposium-at-ifai-expo-2007/#respond,0,0
crunchwear.com/category/trade-shows/,0,0
feedproxy.google.com/~r/crunchwear/~3/SXAw24B2gXw/,0,0
www.wearabletechnologyshow.net,0,1
www.mittenclarke.co.uk/blog/company-car-pays-fuel/#comments,1,1
www.capitalwebmarketing.co.uk/washington-redskins-c-2_67.html,0,1
www.rolcruise.co.uk/cruise-miles-terms-and-conditions,0,0
www.cruisemiles.travel/cricket/,0,0
www.essexcricket.org.uk/,0,0
www.devinesaccountants.co.uk,1,1
www.tuc.org.uk/video.xml,0,1
l.facebook.com/l.php?u=http%3A%2F%2Fmomentsapp.com%2F&h=ATMeiy4fnLbVbDw8AuxFIwHRmOCnygCQpvRJeJ4xQwOaXelsclmWwbXHsVvynyuZU0npQBcN2hkPm6ZNV8NcibMmFZS8SBbjH2e5J77jWxauMJzR8E58sZTpnRHCN2eLl1l3YRuE3VCyVPPeqg&s=1,0,0
es-la.facebook.com/ThompsonBalch/?fref=ts,0,0
www.facebook.com/ThompsonBalch/?fref=ts,0,0
www.thompsonbalch.co.uk,1,1
www.visureinternazionali.com,0,0
www.nigrotrust.org,0,0
www.lawdit.co.uk,1,1
www.thailand-websites.net,0,0
www.tasteofthai.co.uk,0,0
www.anglothailegal.com/partners/,1,1
www.newtons.co.uk/2012/?post_type=news,1,1
thefurnituregallery.net/dining.html,0,0
www.thefurnituregallery.net/,0,0
www.accosuk.com/,0,0
www.waranandcompany.com,1,1
www.bwcigroup.com/our-people/Alison-Hawkins,0,0
www.bwcigroup.com/our-people/?c=Employee-Benefit-Services,0,0
www2.blueribandplan.com/channel-island-plan/,1,1
www.snnprcoc.gov.et,0,0
www.ethiopia.gov.et,0,0
www.lapsset.go.ke/,0,0
www.kpa.co.ke,1,1
dinozoom.com/echozine-free-wordpress-theme/,0,1
www.kashflow.com/findanaccountant/crest-plus-accounting/,0,0
www.kashflow.com/accountant-search/,0,1
blog.lesroches.edu/alumni/event-management-behind-the-scenes/,1,1
hancockquins.blogspot.co.uk/search?updated-max=2016-09-30T08:22:00%2B01:00&max-results=7,0,0
hancockquins.blogspot.co.uk/2016/09/,0,1
aldrich.co.uk/contact/,0,0
www.aldrich.co.uk,0,0
www.azuremarketing.com,0,0
www.licensedsolutions.co.uk,1,1
www.cchifirm.co.nz/run-my-accounting-practice/practice-manager/,0,1
marketing.justia.com/website-design/c/cleveland-law-firm/,0,0
www.justia.com/marketing/sitemap/,0,1
plus.google.com/share?url=http%3A%2F%2Fwww.4alaw.com%2Fbusiness%2Flitigation%2F&t=Litigation,1,1
www.otoneaudio.com/support/,0,1
twitter.com/intent/favorite?tweet_id=873812045241733120,0,0
read.cluttoncox.co.uk/h/,1,1
www.skysoft-atm.com/canso/,0,1
campaignforaction.org/term-location/national,0,0
www.campaignforaction.org/,0,0
www.aarp.org/ppi/?intcmp=FTR-LINKS-PRO-PPI-EWHERE,1,1
blog.turbotax.intuit.com/income-and-investments/business-income/the-new-sharing-economy-and-your-taxes-infographic-19237/,1,1
truedesign.co.uk/vestdavit/,0,0
truedesign.co.uk/truedesign/work/top-30/,0,0
www.truedesign.co.uk,0,0
www.nmullally.co.uk,1,1
www.facebook.com/perfectlyclearofficial,0,0
clearlydrinks.co.uk,0,0
www.speakingwater.com,1,1
spectralegal.co.uk/core-beliefs/expertise/,0,0
www.spectralegal.co.uk/,0,0
www.elitelawcostdrafting.co.uk,1,1
www.couchmanlee.co.uk/about,1,1
www.roedl.com/se,1,1
www.groupead.com/about-us/our-people/,0,1
www.aarp.org/espanol/entretenimiento/arte-y-musica/?intcmp=HP-MUSICA-SUBCH-LN-ES,1,1
www.rememberacharity.org.uk/solicitors-will-writers/campaign-supporter-scheme/,0,1
goo.gl/maps/1bML4,0,0
www.binghamandco.co.uk,1,1
www.libertyaccounts.com/partners/kirsam/,0,0
www.kirsam.co.uk,1,1
www.jefferies-solicitors.com/media-centre/articles/cancer-misdiagnosis-led-heartache-parents-young-boy/,1,1
www.dunnandbaker.co.uk/team-member/dan-pollard/,1,1
www.scotlandscolleges.ac.uk/about-us/disclaimers/accessibility/,0,1
www.sage.com.pl/top/poznaj-sage/sage-business-index,0,1
www.mittenclarke.co.uk/blog/calling-all-dentists/,1,1
www.e-mansion.co.jp/bbs/thread/608997/,0,1
www.kpa.co.ke/Pages/Berth-11-14-Development-and-Financing.aspx,1,1
www.mca.org.uk/news/press-releases/carnall-farrar-joins-the-mca/,0,1
www.filmingeast.org/?p=78,0,1
www.barebonebooks.com,0,0
www.subtense.com/,0,0
www.bookkeepernewark.co.uk,1,1
www.d2l.com/pt-br/blog/essa-semana-em-edtech-games-engajam-os-alunos-e-trazem-significado-para-matematica/,1,1
t.co/MlaONF82FN,0,0
adage.com/article/news/sponsors-pull-shakespeare-park/309367/,0,0
adage.com/article/special-report-agency-alist-2016/gyro-ad-age-s-2016-b-b-agency-year/302303/,0,0
www.gyro.com,1,1
www.griffin.law/services/personal/litigation-dispute-resolution/,0,0
www.griffinlaw.co.uk,1,1
www.ca-4.co.uk/technical/,1,1
bale.com.sg/index.php/disclaimer/,0,0
www.bale.com.sg/,0,0
www.goodmenglobal.com,1,1
www.kipco.uk/kipco-consulting-ltd/,0,0
www.kipcouk.com,1,1
seo-website-checker.chameleonwebservices.co.uk/web/contenko.com,0,1
owner.lincoln.com/maintenance/service-coupons-and-offers.html?pagename=Owner/Page/ServiceCouponsPage%20,1,1
quickbooks.intuit.com/r/business-planning/5-simple-ways-take-advantage-business-slowdown/,1,1
twitter.com/intent/retweet?tweet_id=873487316718952448,0,0
blog.lblaw.co.uk/,1,1
www.burtonbeavan.co.uk,1,1
read.cluttoncox.co.uk/h/c/103466-youtube-conveyancing-book-chapters-clutton-cox-solicitors-bristol,1,1
qbo.intuit.com/c1/v1511.363/0/login?&accountant-sign-in,1,1
support.squarespace.com/hc/en-us/requests/new,0,0
engineering.squarespace.com,0,0
www.squarespace.com,0,0
www.mclarenltd.com,1,1
www.dubbo.com.au/VisitDubbo/TheGreatOutdoors.html,0,0
evocities.com.au/dubbo/dubbo-lifestyle/,0,0
www.evocities.com.au/en/,0,0
www.junee.nsw.gov.au,1,1
twitter.com/hellopartridge,0,0
www.partridgecreative.com,0,0
www.dennisandturnbull.com,1,1
iseexpo.com/sessions/fttx-outside-plant-design-short-course/,0,1
www.facebook.com/sharer.php?u=http%3A%2F%2Fwww.lloydpiggott.co.uk%2F,1,1
www.swissmanda.com/fr/commerciaux-et-industriels/impression-et-articles-promotionnels/,1,1
www.ordnancesurvey.co.uk/business-and-government/licensing/direct-customers/index.html,0,1
bluephoenixdesign.com/the-push-and-pull-of-an-offering/?share=twitter,0,1
www.bbc.co.uk/thingstodo/activity/multi-sport-holiday-and-dance-courses,0,0
www.bbc.co.uk/sport/0/,0,0
news.bbc.co.uk,0,0
www.ogilvie-co.com,1,1
crime.blog.statesman.com/,0,0
www.statesman.com/news/local/this-crazy-austin-man-sues-date-for-texting-during-movie/NVZRQcXkONqKuTtSTtX1JK/,0,0
www.vantagelaw.co.uk/man-sues-date-cost-movie-ticket/,1,1
www.ef.edu.pt/,0,0
www.ef.com,1,1
www.akc.org/events/agility/what_is_agility.cfm,1,1
www.leonardocompany.com/sostenibilita-sustainability,0,1
vimeo.com/132836365,0,0
www.choiceplan.co.uk/,0,0
www.willwriting.co.uk/about-us/who-we-work-with/,1,1
www.1and1.com/register-a-domain-name,0,0
blog.1and1.com,0,0
mywebsite.1and1.com,0,0
www.meridianbusinessconsultants.com,1,1
www.csklegal.co.uk/misrepresentations-franchise-disputes/,1,1
technet.microsoft.com/magazine/default.aspx,0,0
technet.microsoft.com/en-gb/,0,0
office.microsoft.com/en-gb/excel/,0,0
www.cirencesteraccountants.ltd.uk,1,1
down2business.org/?post_type=event&p=994,0,0
www.down2business.org/,0,0
www.swdatanet.com/,0,0
www.goodmanking.co.uk,1,1
www.personneltoday.com/hr/tribunal-watch-football-club-worker-dismissed-rumours-workplace-relationship-player/,0,0
www.personneltoday.com/topics/hr-practice/,0,0
www.personneltoday.com/pr/2017/06/hampshire-employment-law-expert-gains-influential-ranking/,0,0
www.personneltoday.com/pr/employee_relations/,0,1
www.ihertfordshire.co.uk/profile/95578/Stevenage/Cineworld/#map,0,0
www.ihertfordshire.co.uk/local/cinemas/,0,1
www.walesonline.co.uk/business/business-news/more-people-out-work-wales-13182949#comments-section,0,0
www.walesonline.co.uk/authors/david-williamson/,0,0
www.walesonline.co.uk/news/wales-news/2010/05/06/how-couples-can-resolve-legal-disputes-and-still-remain-friends-91466-26385808/,0,0
www.wendyhopkins.co.uk,1,1
www.academyofexperts.org/user,0,0
www.academy-experts.org/,0,0
www.inquesta.co.uk,1,1
www.tumblr.com/reblog/89097038431/ef36yaHf,0,0
deadlineltd.tumblr.com/,0,0
www.deadlineltd.com,1,1
www.amyerson.com/services/investments-pensions/,1,1
hucc.tumblr.com/post/144948974903/match-report-v-homerton-22-may-2016#notes,0,1
www.heswallicechristmas.co.uk/,0,0
www.vantagelaw.co.uk/want-to-get-involved/,1,1
www.silvermarbles.co.uk/website-portfolio/brochure/,0,1
www.walesonline.co.uk/news/politics/what-happens-next-after-theresa-13161851#comments-section,0,1
archive.org/details/internetarcade,0,0
web.archive.org/web/20140620161930/tax.indicator.co.uk/,0,0
www.pearllily.co.uk/links/,1,1
blog.lesroches.edu/student-life/heres-to-2016-reflections-of-a-graduating-les-roches-student/#respond,1,1
www.yes24.co.id.ipaddress.com/,0,0
103.224.156.146.ipaddress.com/,0,1
gravityflow.io/gravity-forms-webhooks/,0,0
ideas.kentico.com,0,0
www.kentico.com,0,0
www.clcaccountants.co.uk,1,1
www.mittenclarke.co.uk/blog/let-property-furniture-fittings/#comments,1,1
sacmauadv.com/pirosa/awc-canadian-pharmacy-viagra,0,0
www.blakewells.co.uk/commercial/,1,1
www.blogger.com/share-post.g?blogID=3611789963534199579&postID=5669635435842043007&target=facebook,0,0
hancockquins.blogspot.co.uk/2015/,0,1
www.instagram.com/p/BQi3lJChQkp/,0,0
www.maryportas.com,0,0
www.subtense.com/,0,0
www.bookkeepernewark.co.uk,1,1
www.mittenclarke.co.uk/blog/sage-50-accounts-2015-available-later-month/,1,1
www.nose.ch/kompetenz/brand-architecture,0,1
www.accounting-innovations.co.uk,1,1
www.uk-domains.co.uk/shop/category/generic/,0,1
futurebeef.com.au/grazier-workshops-improve-pastures-soils-waterways/,1,1
www.grineaux.co.uk/meet-the-team/,1,1
www.taxationweb.co.uk//tax-news/savings-investments-pensions-retirement/,0,0
www.taxationweb.co.uk/forum/,0,0
www.taxationweb.co.uk/tax-news/,0,0
www.mossshaf.co.uk,1,1
www.kashflow.com/sitemap/,0,1
communities.lawsociety.org.uk/junior-lawyers/advice-and-features/blogs/jld-meets-junior-chamber-international-jci/5061849.article,0,1
www.carpmaels.com/people/sarah-johnson/,1,1
www.akc.org/dog-breeds/hairless-dog-breeds/,1,1
groupead.com/,0,0
www.cadac.com/en/nedgraphics/solutions/aviation/,0,0
www.worldatmcongress.org/,0,0
www.atca.org,1,1
crunchwear.com/turn-your-arm-into-a-smartwatch/#respond,0,0
crunchwear.com/category/accessories/,0,0
feedproxy.google.com/~r/crunchwear/~3/f31KZfRMi9I/,0,1
cms.law/en/SGP,0,0
cms.law/en/GBR/,0,0
www.prisonersadvice.org.uk/pas-annual-panel-discussion-24-may-2017/,1,1
rkf.org.ru/comissions/shows.html,0,0
www.rkf.org.ru/,0,0
www.akc.org/rules/special-registry-services/,1,1
www.santiagomediano.com/servicios/sectores/media-entertainment-sports/,0,1
twitter.com/AJ_Solicitors/status/851357410551902208,0,0
www.ajsolicitors.com,1,1
twitter.com/intent/retweet?tweet_id=874952257002848257,0,0
www.legalombudsman.org.uk/,0,0
www.umbrellalegal.co.uk,1,1
www.matrixlaw.co.uk/news/elizabeth-prochaska-appointed-legal-director-equality-human-rights-commission/,0,1
www.nyfa.edu/musical-theatre/,0,0
www.nyfa.edu/veterans/,0,0
www.aarp.org/home-family/voices/veterans/?intcmp=AE-HP-FTR-VETS,1,1
play.google.com/store/apps/details?id=com.google.android.apps.fitness&hl=en,0,0
www.google.com/intl/en-GB/options/,0,0
maps.google.co.uk/?ie/n&q=CR0%201NG,0,0
www.dsandco.com,1,1
www.bailii.org/ew/cases/EWHC/Admin/2012/214.html,1,1
www.londonlegacy.co.uk/,0,0
www.tfl.gov.uk/,0,0
www.usvisasolutions.co.uk/useful-links/,1,1
www.themelton.co.uk/our_savings/online-savings/,0,0
www.themelton.co.uk/melton_financial/wills/,0,0
www.willwriting.co.uk/about-us/who-we-work-with/,1,1
www.akc.org/learn/dog-health/canine-flu-highly-contagious/,1,1
www.walesonline.co.uk/sport/other-sport/welsh-olympian-philippa-roles-dies-13072599#comments-section,0,1
www.liverpoolecho.co.uk/news/uk-world-news/thousands-celebrate-jo-coxs-life-13191790,0,0
www.liverpooldailypost.co.uk/liverpool-news/regional-news/2010/05/27/ldp-legal-employment-lawyers-forced-to-pay-compensation-to-client-after-negligence-suit-92534-26531540/,0,0
www.armstrong-law.co.uk/?feed=rss2,1,1
demo.accesspressthemes.com/wordpress-plugins/everest-gallery/pexels-photo-28094-1/,0,1
www.cameron-alexander.co.uk/new-team-member-2/,1,1
www.themotoringlaw.uk/drink-driving-bans/,0,0
www.themotoringlaw.uk/solicitors-specialising-in-drink-driving-offences/,0,0
plus.google.com/108233269736110848257/,0,0
www.olliers.com,1,1
crunchwear.com/glassy-pro-one-smartwatch-surfer-dudes-dudettes/#respond,0,0
www.crunchwear.com/tag/smartwatch/,0,1
www.aarp.org/online-community/people/editProfile.action,1,1
twitter.com/intent/tweet?text=About%20Us&url=https%3A%2F%2Fwww.forgeonline.co.nz%3A443%2Fabout-us%2F&,0,0
www.forgeonline.co.nz/about-us/,0,1
dinozoom.com/project-free-wordpress-theme/,0,0
dinozoom.com/theme-collections/best-ecommerce-wordpress-themes/,0,0
dinozoom.com/themes/bakery-wordpress-theme-for-bakeries-food-bloggers-coffee-shops-and-cupcakes/,0,0
www.ronacc.co.uk,1,1
www.silvermarbles.co.uk/web-design-2/,0,1
www.getsafeonline.org/safeguarding-children/texting-sexting/,0,1
childrenstheatrereviews.com/tag/festival/,0,0
childrenstheatrereviews.com/2017/06/12/sarah-bird-tells-us-how-the-tribal-tournament-enables-families-to-produce-their-own-festival-experiences/,0,0
www.theatrehullabaloo.org.uk/,0,0
www.emgsolicitors.com,1,1
blog.aarp.org/author/aarprblumme/,1,1
plus.google.com/share?url=http%3A%2F%2Fwww.4alaw.com%2Foffices%2F&t=Offices,1,1
www.walesonline.co.uk/news/uk-news/?pageNumber=2,0,1
www.les-bi.org/lesi.html,0,1
www.addtoany.com/add_to/google_plus?linkurl=http%3A%2F%2Fwww.myscottishlawblog.co.uk%2F2017%2F02%2F22%2Fbeat-the-scottish-power-of-attorney-registration-delays%2F&linkname=Beat%20the%20Scottish%20Power%20of%20Attorney%20registration%20delays,0,1
twitter.com/abdnconsidine,0,0
www.acandco.com,1,1
www.taxationweb.co.uk/tax-articles/income-tax/govfail-have-the-new-allowances-foiled-even-hmrc.html,0,1
www.cfs-ifa.co.uk/wordpress/?p=1989,0,1
www.ringroselaw.co.uk/category/news/wills-and-probate/page/4/,0,1
www.walesonline.co.uk/news/wales-news/everything-you-need-know-ghost-13180659#comments-section,0,1
krc.co.ke/?page_id=318,0,0
www.krc.co.ke,0,0
www.lapsset.go.ke/,0,0
www.kpa.co.ke,1,1
www.msci.com/events,0,1
blog.lesroches.edu/the-industry/what-does-swiss-hospitality-mean/,1,1
www.hub.tv/cookie-policy/,0,1
blog.lesroches.edu/student-life/arriving-les-roches/?replytocom=6#respond,1,1
www.bcs.org/category/14424,0,1
blog.turbotax.intuit.com/self-employed/its-national-get-to-know-your-customers-day-25603/,1,1
www.walesonline.co.uk/business/appointments/expanding-headhunting-firm-being-doing-12750303,0,1
plus.google.com/share?url=www.zodiakkids.com/portfolio/millie-inbetween/,0,1
iasservices.org.uk/labour-pledge-to-scrap-income-threshold-for-spousal-visas/,0,0
iasservices.org.uk/one-off-telephone-advice/,0,0
hclc.org.uk/immigration-advice/,1,1
www.deviantart.com/tag/keaveny,0,0
stevepaulmyers.deviantart.com/,0,0
www.stevepaulmyers.co.uk/,0,0
www.kpsimpson.co.uk,1,1
www.studionorth.co.uk/2016/09/04/the-rapid-rise-of-the-membership-economy/,0,0
www.studionorth.co.uk/blog/,0,1
www.knights1759.co.uk/our-services/corporate/employment,0,0
www.knightsllp.co.uk,0,0
www.somarketing.com/,0,0
www.ericwhitehead.co.uk,1,1
www.st-philips.com/our-people/barristers/douglas-readings/,0,0
www.st-philips.com/our-people/barristers/juniors-10-years-plus/,0,1
www.facebook.com/sharer/sharer.php?u=www.thehalifaxacademy.org//home/latest-news/happy-and-healthy/,0,0
www.halifaxhigh.calderdale.sch.uk,0,0
www.xcelgroup.co.uk,1,1
twitter.com/intent/tweet?url=https%3A//www.thebraintumourcharity.org/media-centre/&via=,0,1
mcclearyaccountants.com/index.php/tag/cis/,1,1
www.ixwebhosting.com/blog/2013/09/,0,0
blog.ixwebhosting.com,0,0
www.everestcomputers.co.uk,0,0
www.solazzo.co.uk,1,1
www.adidassuperstarschuhe.men/index.php?route=information/information&information_id=8,0,1
www.creamandco.com/meigeeactions/moreviews/index/product/1997/,0,1
dinozoom.com/anjirai-free-wordpress-theme/,0,0
dinozoom.com/suvmax-free-wordpress-theme/,0,0
dinozoom.com/themes/bakery-wordpress-theme-for-bakeries-food-bloggers-coffee-shops-and-cupcakes/,0,0
www.ronacc.co.uk,1,1
www.bbc.co.uk/iplayer/categories/history,0,0
www.bbc.co.uk/bbcone/,0,0
www.outlineproductions.co.uk/,0,0
www.grovesmedialaw.co.uk,1,1
blogs.accaglobal.com/jamielyon/,0,0
theaccablog.wordpress.com/,0,0
www.accaglobal.co.uk,0,0
www.ellyss.co.uk,1,1
www.creative-heads.co.uk/agency-also-opens-in-aylesbury-bucks/,0,0
www.creative-heads.co.uk/blog/,0,1
www.sktthemes.net/shop/hotel-wordpress-theme/,0,0
www.sktthemes.net/product-category/restaurant/,0,1
micro.apitech.co.uk/rfq/global-rfq.asp,0,0
micro.apitech.com,0,0
www.emcon.com,1,1
tallships.org/connect-with-us/,0,0
www.tallships.org,0,0
www.ogilvie-co.com,1,1
seo-website-checker.chameleonwebservices.co.uk/web/fileslocated.com,0,1
www.linkedin.com/shareArticle?mini=true&url=&title=&summary=&source=,0,0
austinkemp.co.uk/2017/06/14/less-confrontational-divorce-possible/,1,1
www.eastmidlandsbusinesslink.co.uk/mag/category/manufacturing/,0,0
www.eastmidlandsbusinesslink.co.uk/mag/news/embl-fastest-40-awards-2017-shortlists/,0,0
www.mneaccounting.co.uk/blog/tim-emmony-shortlisted-east-midlands-business-link-fastest-40-awards/,1,1
www.blogger.com/share-post.g?blogID=1185162940271864829&postID=6143278473423482138&target=email,0,0
dartforlegalsvs.blogspot.co.uk/,0,0
www.dartfordlegalservices.com,1,1
www.dunnandbaker.co.uk/private-legal-services/employment-law/compromise-agreements/,1,1
www.hammelaccountancy.com/our-services/business-services/business-tax/,1,1
dinozoom.com/hannari-pink-free-wordpress-theme/,0,0
dinozoom.com/zen-garden-free-wordpress-theme/,0,1
blog.turbotax.intuit.com/tax-planning-2/turbotax-delivers-more-personalized-experience-for-loyal-returning-customers-16090/,1,1
www.corderycompliance.com/panel-management/,1,1
tallships.org/wp-content/uploads/2011/04/09.01.01.doc,0,0
tallships.org/contact-us/enquiries/,0,1
www.airport-k-vary.cz/cs/,0,0
www.ans.cz,0,0
www.worldatmcongress.org/,0,0
www.atca.org,1,1
www.gov.uk/government/news/my-tax-return-was-on-my-yacht-which-caught-fire,0,0
blog.paifang.co.uk/honest-miss-hmrc-deadline/#more-111,1,1
www.uhy-uk.com/resources-publications/academies-accounts-direction-2016-to-2017/,0,0
www.uhy-uk.com/newport/,0,0
www.monlawsoc.co.uk,1,1
www.globaldata.com/tag/beauty/,0,1
www.sagesoftware.co.in/blogs/inventory-management/,0,1
farrer.co.uk/Who-we-help/businesses/,0,0
www.farrer.co.uk/About-us/corporate-responsibility/,0,0
hclc.org.uk/how-you-can-help-us/,1,1
www.dartnelllynnltd.co.uk/category/director-2/,1,1
www.newnham-jordan.co.uk/michael-mcghie/,1,1
www.essexcricketfoundation.co.uk/donate/,0,1
dsl.1und1.de/glasfaser,0,0
www.1und1.de,0,0
mywebsite.1and1.com,0,0
www.meridianbusinessconsultants.com,1,1
www.pierrepont-accountants.com/our-services/business-start-ups/,1,1
www.ihertfordshire.co.uk/local/jewellers/Hitchin/,0,1
www.tektonic.co.uk/case-studies-3,0,1
www.travel-solutions.co.uk/show-category/?id=107&cat=Northern Ireland Tours,0,1
webarchive.nationalarchives.gov.uk/20090114170619/www.berr.gov.uk/,0,0
webarchive.nationalarchives.gov.uk/20090609003228/www.berr.gov.uk/,0,1
www.personneltoday.com/pr/pmi/,0,0
www.personneltoday.com/pr/2017/06/hampshire-employment-law-expert-gains-influential-ranking/,0,0
www.personneltoday.com/pr/employee_relations/,0,1
youbthere.com/i-button/#meeting,0,0
appfinder.brightspace.com/app-details/?appId=558325efe4b03a1d62eff598,0,1
www.shibaclub.de/impressum/,0,1
www.marksandspencer.com/l/kids/all-boys/pyjamas-and-dressing-gowns,0,1
mash-webdesign.co.uk/create-wordpress-taxonomies-search-filter-using-wp_querys-tax-query/,0,1
www.largecuplingerie.com/knickers/control-shapewear.html,0,1
www.swissmanda.com/commercial-and-industrial/electronics-and-electrical-equipment/,1,1
www.ilfracombeacademy.org.uk/community-links/lynton-ce-primary-school/,0,1
dentsuaegis.se/dentsu-aegis-forvarvar-sveriges-ledande-dataanalysforetag-outfox/,0,0
www.dentsuaegisnetwork.se/,0,0
www.dentsuaegisnetwork.com/,0,0
www.gyro.com,1,1
www.groupead.com/about-us/history/,0,1
ja.wordpress.org/wordpress-4.8-ja.zip,0,1
www.intriguemanagement.co.uk/2016/05/sugar-rays-mark-mcgrath-available-for-uk-bookings/,0,1
twitter.com/search?q=GenderPayGap,0,0
www.hillarycooperlaw.co.uk/twitter-feed/,1,1
www.bbc.co.uk/news/business-40288125,0,0
www.bkslimited.co.uk/management-accounts/,1,1
blog.turbotax.intuit.com/category/health-care/page/2/,1,1
www.danbro.co.uk/finding-job/,1,1
www.themelton.co.uk/our_mortgages/shared-ownership-mortgages/,0,0
www.themelton.co.uk/melton_financial/wills/,0,0
www.willwriting.co.uk/about-us/who-we-work-with/,1,1
www.vnd-neufundlaender.de/ausstellungen/ergebnisse/neumünster-2017/,0,1
kluwermediationblog.com/category/international-mediation/,0,0
kluwermediationblog.com/2017/04/09/icc-mediation-competition-2017-in-conversation-with-the-finalist/,0,0
www.independentmediators.co.uk,1,1
futurebeef.com.au/knowledge-centre/grazing-land-management/land-types-of-queensland/land-types-of-queensland-definitions/,1,1
prydis2-staging.com.gridhosted.co.uk/homepage/services/legal/private-wealth/,0,0
www.prydis.com,1,1
www.twitter.com/naviair,0,0
www.naviair.dk/,0,0
aireon.com/,0,0
www.atca.org,1,1
www.mancinilegal.com/team-members,1,1
www.carboncreative.net/services/campaign/what-we-do/,0,0
www.carboncreative.net/services/brand/,0,1
poolemoto.co.uk/270-ikon,0,1
dashboard.gocardless.com/api/template_plans/11BQR438KE/paylink,0,0
armstrongs-accountancy.co.uk/client-zone/,1,1
profiles.wordpress.org/mt8biz,0,0
wordpress.org/news/,0,0
www.blackmirrorltd.wordpress.com,1,1
www.greenaccountancy.com/tax-news/companies/new-accounting-rules-for-companies-frs102-but-no-action-yet/,1,1
www.tiptree.com/index.php/ourcompany/history-timeline.html,0,1
plus.google.com/share?url=www.zenlaw.co.uk/road-safety-charity-urges-government-take-action-injuries/,1,1
www.hindlecampbell.co.uk/personal-law/residential-property/buying-selling-remortgaging-property/,0,1
status.sage.com/service-bank-drive,0,0
status.sage.com?country=gb&product=sage-one,0,0
app.sageone.com,0,0
www.portergarland.co.uk,1,1
www.wilsondesign.uk.com/projects/exhibition,0,1
www.facebook.com/mctimberproducts/photos/a.1564840830447643.1073741835.1560591110872615/1824980311100359/?type=3,0,0
mctimberproducts.co.uk,0,0
getyouonline.co.uk,0,0
www.swaccidentclaims.com,1,1
www.credit-suisse.com/global/en.html,0,0
updraftplus.com/?afref=143,0,0
www.kcgraphics.co.uk,0,0
www.thompsonbalch.co.uk,1,1
twitter.com/#!/ASLChristchurch,0,0
www.asl.co.nz,1,1
cms10.website-start.de/app/445695140/552490/,0,0
www.guneyclarkryan.com,1,1
www.facebook.com/share.php?u=www.csklegal.co.uk/services/employment/,1,1
www.tumblr.com/reblog/151838994213/VzS4rQva,0,0
digitaldexterity.tumblr.com/,0,0
www.digitaldexterity.co.uk,0,0
www.cairntrusts.co.uk,1,1
webarchive.nationalarchives.gov.uk/20090218035035/www.berr.gov.uk/,0,0
webarchive.nationalarchives.gov.uk/20090609003228/www.berr.gov.uk/,0,1
clsb.info/rules-regulations/practising-rules/,0,0
www.clsb.info/,0,0
www.keithbintley.co.uk/contact/,1,1
www.newnham-jordan.co.uk/tag/property-law-2/,1,1
www.icfib.com/contact/,0,1
www.petfinder.com/shelters/ME90.html,0,0
www.akc.org/dog-breeds/rescue-network/contacts/,1,1
www.paulgreenhifi.co.uk/?page_id=60,0,1
www.olliers.com/criminal-law/the-magistrates-court-2/,1,1
www.fca.org.uk/firms,1,1
www.nkk.no/,0,0
www.akc.org/rules/special-registry-services/,1,1
kluwermediationblog.com/2016/10/20/investment-mediation-sci-fi-or-prediction/#respond,0,0
kluwermediationblog.com/author/martinsvatos/,0,0
kluwermediationblog.com/2017/04/09/icc-mediation-competition-2017-in-conversation-with-the-finalist/,0,0
www.independentmediators.co.uk,1,1
wpnice.ru/forum-dlya-wordpress/,0,0
wpnice.ru/hierarchical-html-sitemap-karta-sajta-dlya-polzovatelej/,0,0
wp-puzzle.com/,0,0
www.haxellgiddings.co.uk,1,1
sas-space.sas.ac.uk/view/divisions/ials.html,0,0
sas-space.sas.ac.uk/6439/,0,0
www.bailii.org,1,1
login.1and1-editor.com/143917025/www.bioscience-ip.com/gb?pageId=1590013,1,1
twitter.com/easilydomains,0,0
www.easily.co.uk,0,0
www.pedgrift.com,1,1
dinozoom.com/shipyard-free-wordpress-theme/,0,0
dinozoom.com/waves-free-wordpress-theme/,0,0
dinozoom.com/themes/bakery-wordpress-theme-for-bakeries-food-bloggers-coffee-shops-and-cupcakes/,0,0
www.ronacc.co.uk,1,1
www.menzieslaw.co.uk/case-update-3-reasonable-investigation/,1,1
www.sage.es/software/contabilidad/sage-contaplus/ediciones-y-precios,0,1
gloopa.co.uk/category/tv-license/,0,0
gloopa.co.uk/england-commercial-register-letter/,0,0
www.jpsaccountants.co.uk/england-commerical-register-scam/,1,1
spectralegal.co.uk/recovering-interest-disbursement-funding/,0,0
spectralegal.co.uk/news/,0,0
www.spectralegal.co.uk/,0,0
www.elitelawcostdrafting.co.uk,1,1
www.facebook.com/sharer/sharer.php?u=www.solicitorwebsitedesigners.co.uk/portfolio/latta-law/,0,1
www.f5conference.com/,0,0
www.csa-uk.com/corporate/events/,0,1
www.cicm.com/know-exam-submit-assignment/,0,0
www.cicm.com/qualifications-faq/,0,1
profiles.wordpress.org/chriseverson,0,0
wordpress.org/news/,0,0
www.blackmirrorltd.wordpress.com,1,1
www.smailesgoldieturner.co.uk/small-firms-to-be-helped-with-bank-switching/,1,1
www.addtoany.com/add_to/facebook?linkurl=http%3A%2F%2Fwww.myscottishlawblog.co.uk%2F2015%2F02%2F14%2Fwhy-is-a-scottish-separation-agreement-a-good-thing%2F&linkname=Why%20is%20a%20Scottish%20separation%20agreement%20a%20good%20thing.,0,0
www.myscottishlawblog.co.uk/tag/divorce/,0,1
www.lambethlawcentre.org/london-discrimination-unit,1,1
www.mjhaccountants.co.uk/news/vacancies-2/,1,1
dribbble.com/guidelines,0,0
help.dribbble.com/,0,1
www.quar.co.uk/blog/2011/12/sprucing-up-the-office/03122011292-2/,1,1
www.wishfulthinking.co.uk/2011/11/18/business-blogging/,0,0
lateralaction.com/articles/social-networks-for-creatives/,0,0
www.yourfbs.co.uk/tag/web/,1,1
www.wildpictures.co.uk/production/her-majestys-prison-aylesbury/,0,0
www.wildpictures.co.uk/home/,0,1
www.monbs.com/first-home-bonus-saver-closed/,0,0
www.monbs.com/sitemap/,0,1
www1.uwe.ac.uk/about/websiteinformation/accessibility.aspx,0,0
www.uwe.ac.uk/,0,0
www.bristollawsociety.com/bristol_law_society/news/and-the-winners-are/,0,0
www.southwestlaw.org.uk,1,1
diversity.pact.co.uk/about-us/diversity-pledge/,0,0
www.outlineproductions.co.uk/,0,0
www.grovesmedialaw.co.uk,1,1
uk.linkedin.com/in/jiliallen,0,0
jiliallen.com/,0,0
www.discoverpenrith.co.uk/,0,0
www.arnisonheelis.co.uk,1,1
www.angloinfo.com/philippines,0,1
www.ridan.co.uk/tag/stem/,1,1
www.accountancyage.com/2017/02/23/better-together-accountants-advisers-and-business-protection-for-sme-clients/,0,0
www.accountancyage.com/category/business-regulation/,0,0
www.accountancyage.com/tax/,0,0
www.mossshaf.co.uk,1,1
www.carradice.co.uk/ranges/limited-edition,0,1
www.olliers.com/motoring-law/failing-to-provide-a-specimen.html,1,1
www.thebfa.org/franchise-your-business,0,1
www.sktthemes.net/product-category/responsive-dentist-wordpress-themes/,0,1
www.eventbrite.co.uk/e/2015-budget-what-does-it-mean-to-you-tickets-15872234280?utm_campaign=new_event_email&utm_medium=email&utm_source=eb_email&utm_term=eventurl_text,0,0
mcclearyaccountants.com/index.php/2015/02/,1,1
www.walesonline.co.uk/news/wales-news/dog-loving-bride-took-rescued-13185621,0,1
www.judicature.go.ug/,0,0
www.ulii.org/,0,0
www.saflii.org/,0,0
www.bailii.org,1,1
www.emsleys.co.uk/services-for-you/family-law/which-route-to-take,0,1
www.ringroselaw.co.uk/grand-idea/vote-now/,0,0
www.bambridges.com,1,1
www.mittenclarke.co.uk/blog/vat-registration-advice/#comments,1,1
www.stock-it.co.uk/the-shop/custom-built-pcs/,0,1
suprema.select-themes.com/cart/,0,0
www.essexcricketshop.co.uk/,0,0
www.essexcricket.org.uk/,0,0
www.devinesaccountants.co.uk,1,1
home.adage.com//clickshare/addAccountPrint.do,0,0
adage.com/article/special-report-agency-alist-2016/gyro-ad-age-s-2016-b-b-agency-year/302303/,0,0
www.gyro.com,1,1
fr.added-value.com/case-study/gatorade/,0,1
www.prisonreformtrust.org.uk/ForPrisonersFamilies,0,1
tafblackpool.org/,0,0
nmcreative.co.uk/project/the-ashley-foundation/,0,0
www.nmcreative.co.uk,0,0
www.finanzn.co.uk,1,1
hoot.cluttoncox.co.uk/moving/so-what-is-conveyancing-association/,1,1
www.premierphotography.co.uk/wedding-photography-scotland.html,0,0
www.siobhanpreston.com,0,0
www.strefford-tulips.co.uk,1,1
help.surveymonkey.com/?l=en_US,0,0
www.surveymonkey.com/,0,0
www.wufoo.com,0,0
www.jbssolicitors.co.uk,1,1
www.outletrunner.us/nike-free-5-0-flyknit/nike-free-5-0-flyknit-womens/nike-free-5-0-flyknit-women-orange-white-sale.html,0,1
pl-pl.facebook.com/purlieus/?fref=ts,0,0
www.facebook.com/purlieus/?fref=ts,0,0
www.purlieusconsulting.co.uk,1,1
www.lincoln.ac.uk/events,0,0
thelincolnite.co.uk/2017/06/university-probe-reveal-new-insights-roman-life/,0,0
lincsbusiness.co/2017/03/russell-payne-and-co-acquired-by-lincolnshire-accountants-dexter-and-sharp/,0,0
www.dextersharpe.co.uk,1,1
twitter.com/DrDisrupTek,0,0
nordevcon.com,0,0
domdavis.com,0,0
www.harlelegal.com,1,1
www.filmingeast.org/?p=85#more-85,0,1
seo-website-checker.chameleonwebservices.co.uk/web/independent.co.uk,0,1
seo-website-checker.chameleonwebservices.co.uk/web/laurahammett.com,0,1
www.bexley.gov.uk/services,0,1
www.dol.gov/ope/,0,1
www.sochallsmith.co.uk/contact/,1,1
mcclearyaccountants.com/index.php/tag/tax-return/,1,1
cwsaccounting.co.uk/,1,1
plus.google.com/share?url=https%3A%2F%2Fwww.haroldstock.com%2Fblog%2Fresolution-urges-politicians-end-blame-game-commit-no-fault-divorce-election-manifestoes%2F,1,1
www.facebook.com/sharer/sharer.php?u=www.1and1.com/digitalguide/hosting/technical-matters/how-http2-optimizes-the-world-wide-web/,0,1
help.surveymonkey.com/articles/en_US/kb/What-is-Question-Bank?,0,0
www.surveymonkey.co.uk/mp/policy/privacy-policy/,0,0
www.corderycompliance.com/privacy-policy/,1,1
kluwermediationblog.com/2015/10/01/court-involvement-in-mediation/,0,0
kluwermediationblog.com/author/geoff-sharp/,0,0
kluwermediationblog.com/2017/04/09/icc-mediation-competition-2017-in-conversation-with-the-finalist/,0,0
www.independentmediators.co.uk,1,1
www.facebook.com/empresalimited,0,0
www.empresa.co.uk,0,0
www.studiocreate.com,0,0
www.steeleslaw.co.uk,1,1
travel.state.gov/content/visas/en/forms/online-immigrant-visa-forms/frequently-asked-questions.html,0,0
www.uscis.gov/portal/site/uscis/menuitem.eb1d4c2a3e5b9ac89243c6a7543f6d1a/?vgnextoid=db029c7755cb9010VgnVCM10000045f3d6a1RCRD&vgnextchannel=db029c7755cb9010VgnVCM10000045f3d6a1RCRD,0,0
www.usvisasolutions.co.uk/useful-links/,1,1
www.gannons.co.uk/insights/page/6/,1,1
123.sb.mywebsite-editor.com/app/688937929/98920/,0,0
www.accountancyconsultants.co.uk,1,1
www.swinburnemaddison.co.uk/,0,0
www.collabfamilylawnortheast.co.uk/,0,0
www.majorfamilylaw.co.uk,1,1
www.groundsure.com/understanding-contaminated-land-risk/,0,1
www.facebook.com/share.php?u=https%3A%2F%2Fazuremarketing.com%2F6-wordpress-plugins-help-optimise-website%2F%3Futm_source%3Dfacebook%26utm_medium%3Dsocial%26utm_campaign%3DSocialWarfare,0,0
azuremarketing.com/6-wordpress-plugins-help-optimise-website/,0,0
www.azuremarketing.com,0,0
www.licensedsolutions.co.uk,1,1
www.thenottingham.com/savings/young-savers/tips-on-how-you-can-save-money/,0,0
www.thenottingham.com/estate-planning/,0,0
www.willwriting.co.uk/about-us/who-we-work-with/,1,1
support.mozilla.org/?utm_source=www.mozilla.org&utm_medium=referral&global-nav&utm_content=support,0,0
www.mozilla.com,0,0
www.rwbca.co.uk,1,1
www.easat.com/en/maritime/,0,1
shop.telegraph.co.uk/shop/menswear-clothing/socks/80/8434,0,0
shop.telegraph.co.uk/?utm_source=tmg&utm_medium=nav_A-Z&utm_campaign=none,0,0
www.telegraph.co.uk/news/2017/06/12/top-cop-sacked-twice-groping-claim/?WT.mc_id=tmg_share_tw,0,1
www.kanadasaga.org/,0,0
www.akc.org/dog-owners/training/canine-good-citizen/clubs/?_ga=1.80362071.1517500447.1477665753,1,1
www.newenglish.co.uk/work/birmingham-city-council-be-in-birmingham/,0,1
www.linkedin.com/legal/cookie-policy?trk=hb_ft_cookie,0,0
www.linkedin.com/company-beta/11116523/,0,0
www.r-n-s.com,1,1
www.m3sm.co.uk/tag/seo/,0,1
www.adsi.co.uk/fixed-line-telecoms/,0,1
www.bbc-law.co.uk/legal-news/category/divorce-resources/,1,1
www.clearbooks.co.uk,0,0
www.beaufortchancery.com,1,1
www.royalgreenwich.gov.uk/info/200036/domestic_violence,0,1
mandaadvisory.com/selling-your-business/,0,0
www.mandaadvisory.com,0,0
www.tessalaws.co.uk,0,0
www.mgmcfall.com,1,1
blog.turbotax.intuit.com/category/tax-news/page/3/,1,1
www.jensonsolutions.com/news-posts/roto-vr-investment-for-jenson-seis-and-eis-fund-3/,1,1
www.abvsolicitors.co.uk/the-team/solicitors-advocates/tom-blackburn/,1,1
www.ekd.de/kirchenrechtliches_institut,0,0
www.jura.uni-saarland.de/recht-weltweit/,0,1
www.instagram.com/daneswood/,0,0
www.daneswood.co.uk,0,0
www.probertlegal.com,1,1
www.facebook.com/sharer/sharer.php?u=www.gatewaycareers.co.uk/cv-writing-2/&t=CV+Writing,1,1
www.traveline.info/,0,0
www.stoke.gov.uk,0,0
www.somarketing.com/,0,0
www.ericwhitehead.co.uk,1,1
www.jefferies-solicitors.com/media-centre/articles/average-speed-cameras-scotlands-dangerous-road/,1,1
vimeo.com/134502179,0,0
www.lubbdupp.com,0,0
www.angelapaull.co.uk,1,1
www.westex.com/blog/tag/innovations/,0,1
taxprocenter.proconnect.intuit.com/author/sandileyvatax/,1,1
www.copperbaycreative.co.uk/our-work/mumbles-pier/,0,0
www.copperbaycreative.co.uk/services/,0,1
www.insidetime.org/contact-insidetime/,0,0
insidetime.org/turning-the-tables/ ,0,0
www.prisonersadvice.org.uk/information/pas-in-the-media/,1,1
www.bristol.gov.uk/press/children-and-young-people/childrens-centres-share-excellence,0,0
bhchildrenscentre.org.uk/,0,0
www.menzieslaw.co.uk/who-we-are/community-and-environment/,1,1
www.carpmaels.com/people/sam-grayer/,1,1
www.ihertfordshire.co.uk/local/restaurants-french/,0,0
www.ihertfordshire.co.uk/local/public-houses-bars-and-inns/,0,1
www.uhy-uk.com/birmingham/resources/vat-hub/,0,1
www.sage.ie/existing-customers/support,0,1
crain.com/news/automotive-news-reporter-nick-bunkley-shares-how-he-covers-naias/,0,0
www.crain.com/,0,0
adage.com/article/special-report-agency-alist-2016/gyro-ad-age-s-2016-b-b-agency-year/302303/,0,0
www.gyro.com,1,1
www.chameleonwebservices.co.uk/microsoft-corporation-google-firefox-webassembly/,0,0
www.chameleonwebservices.co.uk/seo-services/out-source-seo/,0,1
edinburghweb.com/testimonial-view/wouldnt-go-anywhere-else/,0,0
www.edinburghweb.com/,0,0
www.grieveco.com,1,1
www.ageconnectswales.org.uk,0,0
www.ageconnectsnwc.org/en/blog/,0,0
www.swaynejohnson.com/community/,1,1
www.d2l.com/es/recursos/informes/la-evaluacion-en-la-educacion-basada-en-competencias/,1,1
www.premier-design.net,0,0
www.premier-design.net/,0,0
www.emmapicklesaccountants.co.uk,1,1
onionsanddavies.co.uk/about-us/useful-links/,1,1
www.eliteliving.club/deal/bournemouth/health-beauty/simone-thomas-salon-westbourne-15/,0,1
www.ohvideo.co.uk/translating-tools-youtube/,0,0
www.ohvideo.co.uk/blog/,0,0
www.ohvideo.co.uk/video-production-stockport/,0,0
www.marlowbraide.com,1,1
www.facebook.com/ed.com.au,0,0
www.ed.com.au,0,0
www.bayton.com.au,1,1
www.spearswms.com/book-review-rethinking-reputational-risk/,0,0
www.spearswms.com/54088-2/,0,0
www.hfclaw.com/who-we-are/mark-harper/,1,1
lea.ca/about-lea/,1,1
www.greenaccountancy.com/resources/tax-faqs/employee/,1,1
javierherguera.es/galeria-multimedia/,0,1
www.eventdata.co.uk/Forms/Default.aspx?FormRef=Acc56Visitor&PageNo=20&TRACKINGCODE=ACX16001,0,0
www.thecfn.org.uk/,0,0
www.haworths.co.uk,1,1
hancockquins.blogspot.co.uk/search/label/lpa,0,0
hancockquins.blogspot.co.uk/2015/,0,1
www.dennisandturnbull.com/fresh-business-thinking-the-five-stars/#more-6800,1,1
intranet.rsce.es,0,0
www.rsce.es/,0,0
www.akc.org/rules/special-registry-services/,1,1
dlwordpress.com/onex-corporate-business-portfolio-theme/,0,0
dlwordpress.com/wordpress-visual-composer-new/?replytocom=2893#respond,0,1
dlandroid24.com/psykick-battle-android-game/,0,0
dlandroid24.com/page/2/,0,1
www.akc.org/dog-breeds/smallest-dog-breeds/,1,1
www.alzheimers.org.uk/#navigation,0,1
www.transformjustice.org.uk/why-do-we-have-so-many-prisoners-who-are-not-convicted/,0,1
www.fountainsolicitors.com/our-services/immigration-and-asylum-law/refugee-and-human-rights-law-solicitors/,1,1
www.olcsocipo.bid/adidas-cipő/adidas-original-tubular-cipő/adidas-original-tubular-runners/adidas-original-tubular-runners-lány-visel-legújabb-adidas-csöves-futó-sző-gyerekek-piros-adidas-tubulars-eredetik-adidas-csöves-futó-blackout-tetoválás-photoshop.html,0,1
www.fca.org.uk/your-fca/documents/register-arabic,1,1
www.jasa-seo.net/search/label/Jasa%20Seo%20Solo?max-results=5,0,1
www.unibo.it/it/servizi-e-opportunita/servizi-online/il-mio-portale/sito-web-personale,0,0
www.cirsfid.unibo.it/,0,0
www.saflii.org/,0,0
www.bailii.org,1,1
www.marksandspencer.com/l/home-and-furniture/candle-holders-and-lanterns,0,1
www.ascotmortgages.co.uk/bridging-finance/property-finance/buying-land/,0,1
www.terma.com/privacy-policy/,0,1
hwt.nssl.noaa.gov/,0,0
www.spc.noaa.gov,0,0
www.aviationweather.gov/,0,0
www.atca.org,1,1
www.woodard.com/who-we-are,0,1
www.aiminternet.co.uk/,0,1
www.liverpoolecho.co.uk/news/liverpool-news/what-facebook-rainbow-flag-reaction-13171006,0,0
www.liverpooldailypost.co.uk/liverpool-news/regional-news/2010/05/27/ldp-legal-employment-lawyers-forced-to-pay-compensation-to-client-after-negligence-suit-92534-26531540/,0,0
www.armstrong-law.co.uk/?feed=rss2,1,1
diamantejeans.com/index.php?dispatch=products.quick_view&product_id=673&prev_url=index.php&n_plain=Y&n_items=668%2C669%2C670%2C671%2C672%2C673%2C674%2C675,0,1
home.id.com.au/case-studies/increasing-donations-for-a-major-australian-charity/,0,1
www.carolinaboxerrescue.org/,0,0
www.akc.org/dog-breeds/rescue-network/contacts/,1,1
www.monbs.com/corporate-direct-30-terms-and-conditions/,0,0
www.monbs.com/sitemap/,0,1
www.walkermorris.co.uk/complaints-procedure/,0,1
www.bcs.org/category/16879,0,1
plus.google.com/+AnnaBravington,0,0
business.yell.com/author/anna-bravington/,0,0
marketing.yell.com/,0,0
www.chrisregan.co.uk,1,1
twitter.com/intent/retweet?tweet_id=875672712508821505,0,0
www.essexcricket.org.uk/#fortress,0,1
tgchambers.com/shortlist?add=432,0,0
tgchambers.com/practice-areas/members/,0,1
insights.ethisphere.com/a-chat-with-ceo-j-harold-chandler-on-the-fabric-of-ethical-innovation-at-milliken/#respond,0,1
blog.turbotax.intuit.com/tax-planning-2/tax-procrastination-personality-quiz-which-one-are-you-16716/,1,1
www.acorns.org.uk/our-highlights/,0,0
www.acorns.org.uk/get-involved/charity-fundraising/fundraising-in-your-community/,0,0
www.acorns.org.uk/shops/shop-locator/,0,1
www.bluewebtemplates.com/website-templates/cyanspark-website-template/,0,1
www.ploughcroft.co.uk/portfolio-view/conservatory-roof-replacement-walton-wakefield/,0,1
www.ihertfordshire.co.uk/profile/482197/Welwyn-Garden-City/Key-Independent-Financial-Advisers-Ltd/#map,0,0
www.ihertfordshire.co.uk/local/mortgage-brokers/,0,1
www.yesaccounting.co.uk/dear-inventory-and-xero-integration/,1,1
www.ericwhitehead.co.uk/services/family,1,1
github.com/creativecommons,0,0
creativecommons.org/policies/,0,0
creativecommons.org/licenses/by-sa/3.0/,0,0
www.frenchludlam.co.uk,1,1
www.akccoonhounds.org/showcase/cajun-lights/,0,1
myschoolholidays.com/gb--Devon,0,1
www.reliant.com/en/residential/save-energy/energy-saving-solutions/energy-saving-products.jsp,1,1
www.grc.de/ausstellung/grc-clubsieger/,0,0
www.golden-retriever-club.de/,0,0
www.akc.org/rules/special-registry-services/,1,1
www.majorfamilylaw.co.uk/a-penny-saved/,1,1
www.hps-law.co.uk/contact/,1,1
kluwermediationblog.com/author/zacharyulrich/,0,0
kluwermediationblog.com/2015/06/06/mediating-early-and-late/,0,0
www.independentmediators.co.uk/blog/,1,1
www.linkedin.com/groups?gid=2900498,0,0
www.personneltoday.com/pr/2017/06/hampshire-employment-law-expert-gains-influential-ranking/,0,0
www.personneltoday.com/pr/employee_relations/,0,1
www.marksandspencer.com/l/beauty/stila?intid=BT_TN_brands_stila,0,1
www.thumped.co.uk/tag/food-and-drink/,0,0
www.thumped.co.uk/rebrand-stationery-dandelion-catering/,0,1
www.thestudio-creative.co.uk/project/casa-lola-menus/,0,1
www.affordatechnology.com/tag/dsl/,1,1
www.theaccessgroup.com/solutions/human-resources-software/solutions/talent-acquisition-and-applicant-tracking/,0,1
vyman.co.uk/our-services/,1,1
instagram.com/headphonista,0,0
headphone.guru/cary-audio-dmc-600se-digital-music-center-and-the-fascinating-history-of-moon-audio/,0,0
www.caryaudio.com/products/dmc-600se-digital-music-center/,1,1
www.nutcrackerdesign.co.uk/portfolio-item/abbey-england-exhibition-graphics-for-the-royal-show-at-buckingham-palace/,0,0
www.nutcrackerdesign.co.uk/exhibition/,0,1
www.sheepgenetics.org.au/Breeding-services/DOHNE-MERINO-Home,0,1
blog.turbotax.intuit.com/tag/federal-income-taxes/,1,1
www.bannabc.com/management-services/project-management/,1,1
www.sage.es/novedades-legales/novedades-legales,0,1
www.mayfieldaccountants.com/mat-global/,1,1
www.doc-safe.co.uk/servlet/com.scl.horus?service=desktop_x1&id=1096,0,0
www.totalaccounting.co.uk,1,1
hostpapasupport.com/categories/email/page/3/,0,1
www.againstprisonslavery.org/2016/11/,0,1
www.stringandtins.com/wp-content/themes/kingsize/lib/portfolio/kingsize-portfolio-video.php?id=225&iframe=true&width=678&height=560,0,1
twitter.com/intent/tweet?in_reply_to=860115585136562176,0,0
contingent-workforce-management.org/,0,0
www.cxcglobal.co.uk/,0,0
www.cxcprotect.co.uk,1,1
www.bloomberg.com/news/videos/2016-11-09/the-david-rubenstein-show-kenneth-chenault,0,0
www.bloomberg.com/features/2016-peer-to-peer/,0,0
bloomberg.com/politics/,0,0
www.thailegalfirm.com,1,1
www.nickjamesphotography.co.uk/slideshow/at2w0917-copy_cu2-crop-3/,0,1
zh-cn.facebook.com/LightWorkersOfficial/,0,0
de-de.facebook.com/LightWorkersOfficial/,0,0
www.lightworkersmedia.com/,0,0
www.grovesmedialaw.co.uk,1,1
ar-ar.facebook.com/StaffordFamilyLaw/?fref=ts,0,0
www.facebook.com/StaffordFamilyLaw/?fref=ts,0,0
www.sflsolicitors.co.uk/solicitors/,1,1
www.linkedin.com/shareArticle?mini=true&url=https%3A%2F%2Fwww.facebook.com%2FKidzExhibitionsUK%2Fposts%2F1318165621636726&title=Wow%21%20%20%3A%29%20...%20,0,0
www.kidzexhibitions.co.uk/,0,0
www.jefferies-solicitors.com/media-centre/events/jefferies-solicitors-exhibit-kidz-adultz-south/,1,1
travelblog.goaheadtours.com/5-reasons-to-travel-off-season/,0,0
www.goaheadtours.com/,0,0
www.ef.com,1,1
www.ehsolicitors.co.uk/jordan-whyte/,1,1
executive-assistance.ca/websites,0,0
www.executive-assistance.ca,0,0
ommsolutions.com,0,0
www.theessentialea.ca,1,1
twitter.com/share/?url=blog.aarp.org/2016/05/16/nearly-one-million-more-workers-can-save-for-retirementmillions-more-to-go/&via=aarp&text=Nearly%201%20Million%20More%20Workers%20Can%20Save%20for%20Retirement%20…%20Millions%20More%20to%20Go!,1,1
www.armstrong-law.co.uk/2011/03/privacy/#comments,1,1
www.travelweekly.co.uk/articles/62371/opinion-after-the-brexit-vote-uncertainty-is-the-only-certa,0,0
www.travlaw.co.uk/blog_posts/farinas-brexit-piece-available-travel-weekly/,1,1
voiceforcons.blogspot.co.uk/2017/06/dangerous-prisoner-who-escaped-custody.html#links,0,0
www.voiceforcons.blogspot.co.uk,0,0
www.prisonersadvice.org.uk/information/links/,1,1
specialists.squarespace.com/,0,0
engineering.squarespace.com,0,0
www.squarespace.com,0,0
www.mclarenltd.com,1,1
isplus.joins.com/article/796/21672796.html,0,0
bbs.kpopwave.joins.com/?document_srl=4582339,0,0
www.cirencesteraccountants.ltd.uk/?page_id=276,1,1
facebook.com/hashtag/Growing,0,0
hypedmarketing.co.uk,0,0
www.maxama.co.uk,1,1
login.1and1-editor.com/30093789/www.company-dynamics.co.uk/gb?pageId=1159532,1,1
www.ihertfordshire.co.uk/local/bathroom-planners-and-furnishers/Waltham-Cross/,0,1
finestdesign.co.uk/cart/,0,0
www.finestdesign.co.uk,0,0
www.asgreenstreet.com,1,1
www.ringroselaw.co.uk/2016/09/05/local-a-e-trialling-a-reduced-operating-period/,0,0
www.ringroselaw.co.uk/category/news/personal-injury-medical-negligence/page/3/,0,1
www.kilworthhouse.co.uk/events-offers/kiss-me-kate/,0,1
www.storm12.co.uk/our-team/paul-hayhow/,0,0
www.storm12.co.uk/who-we-are/our-team/attention-grabbers/,0,1
www.bbc.co.uk/news/technology-39502258,0,0
www.thecashroom.co.uk/category/articles/,1,1
www.toolkitwebmail.co.uk,0,0
www.thetoolkit.co.uk/,0,0
www.toolkitwebsites.co.uk,0,0
www.reemans-law.co.uk,1,1
twitter.com/abk_accountancy,0,0
www.abkaccountancy.co.uk/contact-us/,1,1
www.yescando.website/testimonials/,0,0
www.yescando.com,0,0
www.mmo-accountants.co.uk,1,1
www.digitalmarketing.expertsz.co.uk/glasgow.php,0,0
www.expertsz.co.uk,0,0
www.digitalmarketing.expertsz.co.uk/,0,0
www.aston-clinton-guide.co.uk,1,1
twitter.com/intent/retweet?tweet_id=866276821423337473,0,0
www.bnihooton.co.uk/,0,0
www.engageweb.co.uk/,0,0
www.wellfieldaccountingservices.com,1,1
www.ihertfordshire.co.uk/local/bands-and-groups/,0,0
www.ihertfordshire.co.uk/local/entertainment/,0,1
www.audientmedia.com,0,0
www.consultancyregister.com/,0,0
www.bannabc.com,1,1
www.holeys.co.uk/small-tax-allowances-6-april-2017/,1,1
www.yourfbs.co.uk/boom-and-bust-its-as-old-as-the-bible/#comments,1,1
www.cnwls.co.uk/karen-lucas/,0,0
www.cnwls.co.uk/sitemap/,0,1
www.newlookwindows.com/,0,0
www.prescotcablesfc.com/contact/,0,0
www.vantagelaw.co.uk/clfc-do-double/,1,1
www.centurionlawfirm.com/practice_areas/labor-and-employment/,1,1
www.boxhill.edu.au/about-us/our-facilities/lilydale-lakeside-childrens-centre/about-us/,0,1
www.mason-williams.co.uk/iprex-global-leadership-conference-2015-london/,1,1
www.accidentlinedirect.co.uk/,0,0
www.alliancelegalcosts.co.uk/index.php/links/,1,1
www.keaconsultants.com/team/jessica-wakefield/,1,1
twitter.com/rossbrooke,0,0
www.ross-brooke.co.uk,1,1
www.linkedin.com/shareArticle?mini=true&url=https%3A%2F%2Fwww.tribeuk.co.uk%2Fwork%2Fbarbary-hill%2F&title=Barbary+Hill&summary=&source=Tribe,0,0
www.tribeuk.co.uk/work/barbary-hill/,0,0
www.fouetteaccountancysolutions.co.uk,1,1
www.uk-domains.co.uk/shop/mortgagetips-co-uk/,0,1
www.ferguson-financial.co.uk/contact/,1,1
www.mpa.org.uk/news,0,1
www.grabone.co.nz/contact-us,0,0
new.grabone.co.nz/?ref=network,0,0
www.nzherald.co.nz/,0,0
www.enumerate.co.nz,1,1
crunchwear.com/intelligentm/,0,0
crunchwear.com/wearable-tech-companies/,0,0
feedproxy.google.com/~r/crunchwear/~3/f31KZfRMi9I/,0,0
www.atca.org,1,1
junkporters.co.uk/domestic/house-clearance/loft-and-cellar-clearance,0,0
www.junkporters.co.uk,0,0
connextar.com,0,0
www.accounters.co.uk,1,1
www.morganhassolicitors.co.uk/areas-of-practice/crime/,1,1
www.techcrunchstore.com,0,0
eu.techcrunch.com/2011/03/09/stupid-eu-cookie-law-will-hand-the-advantage-to-the-us-kill-our-startups-stone-dead/,0,0
howto.cnet.com/8301-11310_39-20042703-285/disable-third-party-cookies-in-ie-firefox-and-google-chrome/,0,0
www.jadeaccountancy.com,1,1
www.blogger.com/share-post.g?blogID=2978615627773363651&postID=2837737638315269346&target=pinterest,0,0
barrieingrambusinessblog2013.blogspot.co.uk/,0,0
www.barrieingram.co.uk,1,1
www.rawcliffe.co.uk,1,1
kluwermediationblog.com/2014/03/16/try-a-workaround/#respond,0,0
kluwermediationblog.com/author/jeffrey-krivis/,0,0
kluwermediationblog.com/2017/04/09/icc-mediation-competition-2017-in-conversation-with-the-finalist/,0,0
www.independentmediators.co.uk,1,1
www.theabi.org.uk/about/compliance-and-guidance,0,1
www.buckshealthcare.nhs.uk/legal-notice.htm,0,0
jobs.buckshealthcare.nhs.uk/,0,0
www.stoke-mandeville.co.uk,0,0
www.aston-clinton-guide.co.uk,1,1
www.sterling-adventures.co.uk/2011/06/12/the-chicken-and-egg-test/,0,0
www.sterling-adventures.co.uk/blog/,0,0
www.smailesgoldie.co.uk/,0,0
www.smailesgoldieturner.co.uk/the-big-squeeze-pay-and-consumer-spending-to-slow-down/,1,1
www.newnham-jordan.co.uk/tag/child-maintenance/,1,1
www.facebook.com/share.php?u=gdhealth.com/what-we-do/health-administrative-services/&title=GD%20Health%20Solutions%20%7C%20Health%20Administrative%20Services,0,1
musefree.com/category/muse-widgets/backgrounds/page/2/,0,1
seo-website-checker.chameleonwebservices.co.uk/web/truffleshuffle.co.uk,0,1
webarchive.nationalarchives.gov.uk/20090804161552/www.berr.gov.uk/,0,0
webarchive.nationalarchives.gov.uk/20090609003228/www.berr.gov.uk/,0,1
www.terrydidcott.com/home-life/exciting-times/#comments,0,1
www.bestuklifecoach.com/,0,0
www.quar.co.uk/blog/category/gazelles/,1,1
www.hay-kilner.co.uk/people/?start=g,1,1
www.janeellison.net/,0,0
www.teammargot.com,0,0
www.stevensdrake.com/stevensdrake-community/,1,1
www.ringroselaw.co.uk/criminal-defence-solicitors/,0,0
www.ringroselaw.co.uk/live-chat/,0,0
www.bambridges.com,1,1
www.spearswms.com/magic-in-the-maldives/,0,0
www.spearswms.com/54088-2/,0,0
www.hfclaw.com/who-we-are/mark-harper/,1,1
buycheapadipex.com/,0,0
aurotone.com/intelligence/,0,0
www.aurotone.com/,0,0
www.nmullally.co.uk,1,1
www.stonehouseaccountants.com/our-services/payroll-service/,0,0
www.peterboroughaccountants.com,1,1
www.royalgreenwich.gov.uk/a_to_z/B,0,1
www.austrade.gov.au/News/Media-Releases/2014,0,1
www.oldmillgroup.co.uk/important-documents/old-mill-accountancy-llp/,0,1
www.123-reg.co.uk/affiliate2.cgi?id=AF13441&_%24ja=tsid%3A36215&utm_source=123regaffiliate&utm_medium=affiliate&utm_campaign=123regaffiliate,0,0
www.clockwork-design.com/website-design-company/domain-name-host/website-hosting/,0,1
s479051484.initial-website.co.uk/,0,0
www.francisdavies.com/about-us/,1,1
www.veenas.com/bru-instant-coffee-200g.html,0,1
plus.google.com/share?url=blog.paifang.co.uk/highlighting-benefits-uk-holding-company/,1,1
barn2.co.uk/kb/password-protected-categories-seo/,0,1
twitter.com/yourONESOURCE,0,0
tax.thomsonreuters.com/products/brands/onesource/,0,0
cs.thomsonreuters.com/web-builder/,0,0
www.bemmentcooper.com,1,1
www.ohvideo.co.uk/video-production-salford/,0,0
www.ohvideo.co.uk/video-production-stockport/,0,0
www.marlowbraide.com,1,1
www.ihertfordshire.co.uk/local/classic-and-specialist-vehicles/,0,0
www.ihertfordshire.co.uk/local/motoring/,0,1
wpa.qq.com/msgrd?v=3&uin=2840006254&site=qq&menu=yes,0,0
www.anufoodchina.com/,0,0
comarketing.mla.com.au/,1,1
wyedeantourism.biz/media/picture-gallery/?share=google-plus-1,0,1
www.mjhaccountants.co.uk/news/vacancies-2/,1,1
www.digitalatrium.in/portfolio-filter/smm/,0,0
www.digitalatrium.in/digital-marketing/,0,0
www.digitalatrium.in/web-solution/,0,0
www.lakshmimach.com,1,1
www.bbc-law.co.uk/legal-news/?p=364,1,1
www.travlaw.co.uk/team/laura-buckley/,1,1
www.mirage-accountants.co.uk,1,1
www.seatons.co.uk/legal-services/accident-claims/road-traffic-claims-2/,1,1
www.rac.co.uk/my-rac/my-rac-home,0,0
www.rac-careers.com/,0,0
www.rac.co.uk/,0,0
www.small-claims-mediation.co.uk,1,1
www.gyro.com/gyro-thinking/creative-industry-leader-interview-5-minutes-with/,1,1
www.doihaveacase.co.uk/gender-discrimination/,0,1
plus.google.com/share?url=whittakerandco.com/ifrs-disconnected-true-fair-investors-claim/,1,1
www.linkedin.com/shareArticle?mini=true&url=http%3A%2F%2Fwww.4alaw.com%2Fevents%2F&title=Events,1,1
wp-puzzle.com/blog/modern-design-in-theme-luminous.html,0,1
www.piksel.com/products/hive/,0,0
www.ioko.com,0,0
www.subtense.com/,0,0
www.bookkeepernewark.co.uk,1,1
www.jensonsolutions.com/news-posts/livetree-limited-investment-for-jenson-seis-and-eis-fund-3/,1,1
www.walesonline.co.uk/whats-on/theatre-news/matilda-musical-coming-wales-millennium-12873818,0,1
www.currant.it/clients.html,0,0
www.curranthub.com/,0,0
www.currant.it,0,0
www.grineaux.co.uk,1,1
www.acorns.org.uk/stories/child-family/cheryls-story/,0,0
www.acorns.org.uk/shops/shop-locator/,0,1
www.financeheads.co.uk/tag/business-strategy/,0,0
www.financeheads.co.uk/blog/,0,1
www.buckshealthcare.nhs.uk/Our clinical services/our-services.htm,0,0
jobs.buckshealthcare.nhs.uk/,0,0
www.stoke-mandeville.co.uk,0,0
www.aston-clinton-guide.co.uk,1,1
www.mraza.net,1,1
